"Employee ID","First Name","Last Name","Leave Type","Leave Start","Leave End","Status"
"10001","Garcia","Manuel III","Vacation","Tue Mar 19 00:00:00 AWST 2024","Wed Mar 20 00:00:00 AWST 2024","Approved"
"10001","Garcia","Manuel III","Vacation","Thu Mar 21 00:00:00 AWST 2024","Fri Mar 22 00:00:00 AWST 2024","Approved"
"10001","Garcia","Manuel III","Vacation","Sun Mar 24 00:00:00 AWST 2024","Tue Mar 26 00:00:00 AWST 2024","Approved"
"10001","Garcia","Manuel III","Sick","Wed Mar 27 00:00:00 AWST 2024","Thu Mar 28 00:00:00 AWST 2024","Approved"
"10001","Garcia","Manuel III","Vacation","Wed Mar 27 00:00:00 AWST 2024","Thu Mar 28 00:00:00 AWST 2024","Declined"
"10001","Garcia","Manuel III","Vacation","Wed Mar 27 00:00:00 AWST 2024","Thu Mar 28 00:00:00 AWST 2024","Declined"
"10001","Garcia","Manuel III","Sick","Sun Mar 17 00:00:00 AWST 2024","Mon Mar 18 00:00:00 AWST 2024","Approved"
"10034","Santos","Beatriz","Sick","Sun Mar 24 00:00:00 SGT 2024","Sun Mar 24 00:00:00 SGT 2024","Approved"
