"Username","Password","Position"
"e.mgarcia@motor.ph","10001","Chief Executive Officer"
"e.alim@motor.ph","10002","Chief Operating Officer"
"e.baquino@motor.ph","10003","Chief Finance Officer"
"e.ireyes@motor.ph","10004","Chief Marketing Officer"
"e.ehernandez@motor.ph","10005","IT Operations and Systems"
"e.avillanueva@motor.ph","10006","HR Manager"
"e.bsanjose@motor.ph","10007","HR Team Leader"
"e.aromualdez@motor.ph","10008","HR Rank and File"
"e.ratienza@motor.ph","10009","HR Rank and File"
"e.ralvaro@motor.ph","10010","Accounting Head"
"e.asalcedo@motor.ph","10011","Payroll Manager"
"e.jlopez@motor.ph","10012","Payroll Team Leader"
"e.mfarala@motor.ph","10013","Payroll Rank and File"
"e.lmartinez@motor.ph","10014","Payroll Rank and File"
"e.fromualdez@motor.ph","10015","Account Manager"
"e.cmata@motor.ph","10016","Account Team Leader"
"e.sdeleon@motor.ph","10017","Account Team Leader"
"e.asanjose@motor.ph","10018","Account Rank and File"
"e.crosario@motor.ph","10019","Account Rank and File"
"e.mbautista@motor.ph","10020","Account Rank and File"
"e.dlazaro@motor.ph","10021","Account Rank and File"
"e.kdelossantos@motor.ph","10022","Account Rank and File"
"e.vsantos@motor.ph","10023","Account Rank and File"
"e.tdelrosario@motor.ph","10024","Account Rank and File"
"e.jtolentino@motor.ph","10025","Account Rank and File"
"e.pgutierrez@motor.ph","10026","Account Rank and File"
"e.gmanalysay@motor.ph","10027","Account Rank and File"
"e.lvillegas@motor.ph","10028","Account Rank and File"
"e.cramos@motor.ph","10029","Account Rank and File"
"e.emaceda@motor.ph","10030","Account Rank and File"
"e.daguilar@motor.ph","10031","Account Rank and File"
"e.jcastro@motor.ph","10032","Sales & Marketing"
"e.cmartinez@motor.ph","10033","Supply Chain and Logistics"
"e.bsantos@motor.ph","10034","Customer Service and Relations"
