"Employee ID","First Name","Last Name","Overtime Day","Overtime Hours","Overtime Approval"
"Garcia","Manuel III","10001","Wed Mar 06 00:00:00 PST 2024","1","Declined"
"Garcia","Manuel III","10001","Fri Mar 08 00:00:00 PST 2024","1.0","Approved"
"Garcia","Manuel III","10001","Sat Mar 09 00:00:00 PST 2024","2.0","Declined"
"Garcia","Manuel III","10001","Mon Mar 11 00:00:00 PST 2024","1.0","Approved"
"Garcia","Manuel III","10001","Fri Mar 15 00:00:00 PST 2024","1.0","Approved"
"Garcia","Manuel III","10001","Tue Mar 12 00:00:00 PST 2024","1.0","Approved"
"Villanueva","Andrea Mae","10006","Wed Mar 13 00:00:00 PST 2024","1.0","Approved"
"Garcia","Manuel III","10001","Fri Mar 15 00:00:00 AWST 2024","3.0","Approved"
"Lim","Antonio","10002","Sat Mar 23 00:00:00 AWST 2024","1.0","Pending"
"Lim","Antonio","10002","Fri Mar 29 00:00:00 AWST 2024","1.0","Approved"
"Garcia","Manuel III","10001","Tue Mar 19 00:00:00 AWST 2024","3.0","Approved"
"Santos","Beatriz","10034","Sun Mar 24 00:00:00 SGT 2024","1.0","Approved"
