"EmployeeID","First Name","Last Name","Sick Leave","Emergency Leave","Vacation Leave"
"10001","Manuel III","Garcia","1","10","1"
"10002","Antonio","Lim","5","10","5"
"10003","Bianca Sofia","Aquino","5","10","5"
"10004","Isabella","Reyes","5","10","5"
"10005","Eduard","Hernandez","5","10","5"
"10006","Andrea Mae","Villanueva","5","10","5"
"10007","Brad","San Jose","5","10","5"
"10008","Alice","Romualdez","5","10","5"
"10009","Rosie","Atienza","5","10","5"
"10010","Roderick","Alvaro","5","10","5"
"10011","Anthony","Salcedo","5","10","5"
"10012","Josie","Lopez","5","10","5"
"10013","Martha","Farala","5","10","5"
"10014","Leila","Martinez","5","10","5"
"10015","Fredrick","Romualdez","5","10","5"
"10016","Christian","Mata","5","10","5"
"10017","Selena","De Leon","5","10","5"
"10018","Allison","San Jose","5","10","5"
"10019","Cydney","Rosario","5","10","5"
"10020","Mark","Bautista","5","10","5"
"10021","Darlene","Lazaro","5","10","5"
"10022","Kolby","Delos Santos","5","10","5"
"10023","Vella","Santos","5","10","5"
"10024","Tomas","Del Rosario","5","10","5"
"10025","Jacklyn","Tolentino","5","10","5"
"10026","Percival","Gutierrez","5","10","5"
"10027","Garfield","Manalaysay","5","10","5"
"10028","Lizeth","Villegas","5","10","5"
"10029","Carol","Ramos","5","10","5"
"10030","Emelia","Maceda","5","10","5"
"10031","Delia","Aguilar","5","10","5"
"10032","John Rafael","Castro","5","10","5"
"10033","Carlos Ian","Martinez","5","10","5"
"10034","Beatriz","Santos","5","10","5"
